pais,anio,gdp_indust_pc_indice
Argentina,1970,100
Argentina,1971,104.484321611419
Argentina,1972,106.975242645898
Argentina,1973,109.434569920234
Argentina,1974,113.972764499603
Argentina,1975,109.291824687951
Argentina,1976,104.33022911797
Argentina,1977,110.714928839288
Argentina,1978,97.4934606087673
Argentina,1979,105.72219760109
Argentina,1980,100.086862711266
Argentina,1981,86.7914287540637
Argentina,1982,83.0297356992221
Argentina,1983,87.718277999124
Argentina,1984,88.6002492498403
Argentina,1985,78.6324542228259
Argentina,1986,86.120753080124
Argentina,1987,85.6649696046665
Argentina,1988,80.6434708749968
Argentina,1989,73.4028987242179
Argentina,1990,69.4770670623151
Argentina,1991,75.4891204705232
Argentina,1992,83.1682866722183
Argentina,1993,85.854907320705
Argentina,1994,88.5491997464825
Argentina,1995,81.2019464138747
Argentina,1996,85.2687114172609
Argentina,1997,91.9378662452462
Argentina,1998,92.6153100554541
Argentina,1999,84.2954294764508
Argentina,2000,80.1754466646347
Argentina,2001,73.5175974813292
Argentina,2002,64.6180087271223
Argentina,2003,74.1656442172908
Argentina,2004,82.2568815119242
Argentina,2005,87.4596949206978
Argentina,2006,94.4422329392385
Argentina,2007,100.555913407474
Argentina,2008,103.147069865545
Argentina,2009,94.650359120049
Argentina,2010,103.871687030702
Argentina,2011,110.650686550598
Argentina,2012,106.328735276129
Argentina,2013,106.86105203994
Argentina,2014,100.418815998898
Argentina,2015,100.133785886009
Argentina,2016,93.613710605049
Argentina,2017,95.1809053870708
Argentina,2018,89.8649241205352
Argentina,2019,83.7349494591035
Argentina,2020,76.9166370876846
Argentina,2021,88.8098622824229
Argentina,2022,92.8125519894362
Argentina,2023,90.6620316042145
Argentina,2024,82.3855339606885
Corea del Sur,1970,100
Corea del Sur,1971,114.848150912883
Corea del Sur,1972,129.449098848826
Corea del Sur,1973,165.56065820018
Corea del Sur,1974,189.340622095539
Corea del Sur,1975,210.113586078948
Corea del Sur,1976,250.941132199785
Corea del Sur,1977,288.54529618075
Corea del Sur,1978,357.627414704979
Corea del Sur,1979,390.809837723344
Corea del Sur,1980,381.751033397715
Corea del Sur,1981,411.995118512948
Corea del Sur,1982,426.805680374004
Corea del Sur,1983,492.034842159489
Corea del Sur,1984,582.298958793299
Corea del Sur,1985,616.553036296937
Corea del Sur,1986,708.656024791399
Corea del Sur,1987,840.518155831663
Corea del Sur,1988,941.67072839244
Corea del Sur,1989,970.249317547891
Corea del Sur,1990,1067.69153984811
Corea del Sur,1991,1211.87750720732
Corea del Sur,1992,1282.07360608356
Corea del Sur,1993,1367.72590182773
Corea del Sur,1994,1522.29690085858
Corea del Sur,1995,1717.19838793548
Corea del Sur,1996,1857.86483648324
Corea del Sur,1997,1959.4942978288
Corea del Sur,1998,1804.6950755196401
Corea del Sur,1999,2145.11162716555
Corea del Sur,2000,2472.38472436849
Corea del Sur,2001,2529.54023198188
Corea del Sur,2002,2748.39396372283
Corea del Sur,2003,2866.77632459103
Corea del Sur,2004,3145.29666127423
Corea del Sur,2005,3292.15851262275
Corea del Sur,2006,3534.71572408105
Corea del Sur,2007,3800.28935215587
Corea del Sur,2008,3911.82409056746
Corea del Sur,2009,3831.60532601302
Corea del Sur,2010,4349.1108318871
Corea del Sur,2011,4539.78009760887
Corea del Sur,2012,4575.2591226223
Corea del Sur,2013,4690.88178019528
Corea del Sur,2014,4802.92295143233
Corea del Sur,2015,4845.09184000527
Corea del Sur,2016,4915.32722846485
Corea del Sur,2017,5105.71985435642
Corea del Sur,2018,5262.93061554279
Corea del Sur,2019,5276.04260667727
Corea del Sur,2020,5161.33530072613
Corea del Sur,2021,5496.68997307202
Corea del Sur,2022,5639.8163038789
Corea del Sur,2023,5739.12585346763
Francia,1970,100
Francia,1971,105.552247387373
Francia,1972,104.780165696616
Francia,1973,109.614940506311
Francia,1974,117.440799886757
Francia,1975,113.581354767285
Francia,1976,120.267569011106
Francia,1977,124.149882637797
Francia,1978,119.311700820506
Francia,1979,121.125273177041
Francia,1980,120.5392292418
Francia,1981,118.82398601212
Francia,1982,118.09050090828
Francia,1983,119.503926665492
Francia,1984,118.931569151796
Francia,1985,119.680424434786
Francia,1986,118.451902933113
Francia,1987,117.842475445558
Francia,1988,122.422154247189
Francia,1989,127.177155901641
Francia,1990,131.03067190638
Francia,1991,130.840899186751
Francia,1992,131.099703763805
Francia,1993,127.937048583054
Francia,1994,131.616796765708
Francia,1995,137.039073528409
Francia,1996,138.14570997838
Francia,1997,144.269974529038
Francia,1998,151.025944123024
Francia,1999,156.123654341203
Francia,2000,163.198334389496
Francia,2001,163.72539323794
Francia,2002,161.877349423331
Francia,2003,164.542446413964
Francia,2004,167.416672066703
Francia,2005,169.088722508646
Francia,2006,172.4096941836
Francia,2007,175.204467256431
Francia,2008,168.922688262305
Francia,2009,156.941692912959
Francia,2010,159.712597103525
Francia,2011,164.998155861285
Francia,2012,162.905467398802
Francia,2013,162.47154706268
Francia,2014,163.963579930862
Francia,2015,163.959611027208
Francia,2016,164.270325786727
Francia,2017,167.081385956727
Francia,2018,169.596038322749
Francia,2019,172.327623537082
Francia,2020,156.548249138425
Francia,2021,169.597071851624
Francia,2022,166.911958378463
Francia,2023,170.102637832788
Mexico,1970,100
Mexico,1971,100.714443396319
Mexico,1972,107.280105743694
Mexico,1973,115.051483801126
Mexico,1974,118.813983152057
Mexico,1975,121.293149123695
Mexico,1976,123.8944468777
Mexico,1977,124.981495727027
Mexico,1978,133.579126353026
Mexico,1979,144.00127216098
Mexico,1980,150.534860026239
Mexico,1981,156.52422477515
Mexico,1982,148.916686572336
Mexico,1983,134.339753558307
Mexico,1984,138.099485680997
Mexico,1985,143.474174741365
Mexico,1986,133.178207162494
Mexico,1987,134.494110938845
Mexico,1988,136.070155192845
Mexico,1989,144.008229803026
Mexico,1990,150.830913485091
Mexico,1991,153.031738684221
Mexico,1992,156.411831332136
Mexico,1993,152.505162978758
Mexico,1994,154.742314056299
Mexico,1995,142.651666213884
Mexico,1996,152.287902896723
Mexico,1997,165.917971487722
Mexico,1998,178.854514745372
Mexico,1999,179.680795480128
Mexico,2000,189.980117413446
Mexico,2001,183.334489033192
Mexico,2002,175.323242842515
Mexico,2003,172.446876073286
Mexico,2004,174.364661738598
Mexico,2005,175.850864188869
Mexico,2006,182.302870318181
Mexico,2007,180.397860679813
Mexico,2008,175.012518773279
Mexico,2009,154.609566258621
Mexico,2010,163.678803621122
Mexico,2011,166.734548441854
Mexico,2012,172.365930211056
Mexico,2013,169.421149493551
Mexico,2014,173.933501572433
Mexico,2015,178.123868988421
Mexico,2016,177.921442348043
Mexico,2017,180.68703435545
Mexico,2018,181.427958991007
Mexico,2019,179.636759842852
Mexico,2020,163.471178628851
Mexico,2021,176.632492219429
Mexico,2022,185.191527977791
Mexico,2023,185.919654447346
